Track,Album,Year,Duration,Time_Signature,Danceability,Energy,Key,Loudness,Mode,Speechiness,Acousticness,Instrumentalness,Liveness,Valence,Tempo,Popularity
Can I Sit Next to You Girl,High Voltage,1975,251373,4,0.568,0.746,8,-5.844,1,0.101,0.0452,0.0587,0.0924,0.467,134.987,51
High Voltage,High Voltage,1975,254200,4,0.561,0.785,9,-4.973,1,0.0629,0.0282,0.451,0.0615,0.546,137.153,58
It's a Long Way to the Top (If You Wanna Rock 'N' Roll),High Voltage,1975,301227,4,0.456,0.863,3,-3.551,1,0.0894,0.133,0.0538,0.0553,0.532,135.962,72
Little Lover,High Voltage,1975,338307,4,0.576,0.516,2,-6.091,1,0.0436,0.00144,0.00551,0.199,0.237,106.004,43
Live Wire,High Voltage,1975,348600,4,0.586,0.84,7,-5.341,1,0.0487,0.0122,0.0116,0.0842,0.0784,132.36,54
Rock 'N' Roll Singer,High Voltage,1975,303667,4,0.635,0.709,9,-4.512,1,0.104,0.257,0.00153,0.0836,0.714,133.591,49
She's Got Balls,High Voltage,1975,291307,4,0.691,0.415,2,-5.627,1,0.0347,0.0798,0.0254,0.0401,0.493,116.328,43
T.N.T.,High Voltage,1975,214667,4,0.754,0.759,9,-5.218,1,0.302,0.153,0.000108,0.101,0.435,126.366,79
The Jack,High Voltage,1975,352040,4,0.646,0.473,9,-6.297,1,0.0619,0.0094,0.000337,0.195,0.367,112.326,55
Ain't No Fun (Waiting Round to Be a Millionaire),Dirty Deeds Done Dirt Cheap,1976,414027,4,0.403,0.806,2,-4.727,1,0.0562,0.00919,0.0353,0.113,0.551,123.819,41
Big Balls,Dirty Deeds Done Dirt Cheap,1976,158773,4,0.62,0.634,9,-6.324,1,0.198,0.432,0,0.604,0.415,107.066,58
Dirty Deeds Done Dirt Cheap,Dirty Deeds Done Dirt Cheap,1976,231933,4,0.668,0.906,11,-4.881,0,0.17,0.214,0.00245,0.135,0.507,135.653,75
Love at First Feel,Dirty Deeds Done Dirt Cheap,1976,191467,4,0.546,0.786,2,-6.442,1,0.0425,0.0145,0.274,0.132,0.567,122.838,40
Problem Child,Dirty Deeds Done Dirt Cheap,1976,345867,4,0.466,0.836,11,-4.223,0,0.117,0.00373,0.154,0.043,0.659,134.296,45
Ride On,Dirty Deeds Done Dirt Cheap,1976,350267,3,0.73,0.388,0,-9.511,1,0.051,0.514,0.00791,0.0735,0.279,105.716,54
Rocker,Dirty Deeds Done Dirt Cheap,1976,171093,4,0.431,0.955,1,-4.09,1,0.162,0.2,0.703,0.14,0.481,118.051,45
Squealer,Dirty Deeds Done Dirt Cheap,1976,327493,4,0.475,0.607,0,-6.528,1,0.0929,0.0755,0.0802,0.169,0.668,131.149,41
There's Gonna Be Some Rockin',Dirty Deeds Done Dirt Cheap,1976,198173,4,0.55,0.793,2,-4.776,1,0.0462,0.124,0.000138,0.74,0.582,126.591,41
Bad Boy Boogie,Let There Be Rock,1977,267613,4,0.494,0.853,9,-4.963,1,0.0806,0.12,0.192,0.254,0.538,141.482,42
Dog Eat Dog,Let There Be Rock,1977,214853,4,0.596,0.792,10,-5.556,1,0.0768,0.0289,0.252,0.458,0.394,137.391,55
Go Down,Let There Be Rock,1977,331480,4,0.433,0.803,9,-5.378,1,0.121,0.0858,0.354,0.0838,0.401,134.84,43
Hell Ain't a Bad Place to Be,Let There Be Rock,1977,254120,4,0.604,0.737,9,-5.284,1,0.175,0.181,0.0146,0.346,0.417,128.056,55
Let There Be Rock,Let There Be Rock,1977,366347,4,0.332,0.725,11,-5.809,0,0.116,0.000209,0.607,0.0767,0.422,182.364,64
Overdose,Let There Be Rock,1977,369053,4,0.401,0.723,9,-4.348,1,0.0552,0.0146,0.209,0.167,0.247,127.781,41
Problem Child,Let There Be Rock,1977,324693,4,0.443,0.869,9,-3.9,1,0.126,0.00305,0.104,0.0867,0.703,134.208,43
Whole Lotta Rosie,Let There Be Rock,1977,333800,4,0.292,0.838,9,-4.459,1,0.078,0.0014,0.479,0.0953,0.423,159.176,65
"Bad Boy Boogie - Live at the Apollo Theatre, Glasgow, Scotland - April 1978",If You Want Blood You've Got It (Live),1978,449987,4,0.274,0.932,2,-4.573,1,0.063,0.0035,0.59,0.971,0.0979,139.925,35
"Hell Ain't a Bad Place to Be - Live at the Apollo Theatre, Glasgow, Scotland - April 1978",If You Want Blood You've Got It (Live),1978,250960,4,0.539,0.878,2,-2.87,1,0.071,0.00154,0.588,0.877,0.24,129.448,37
"High Voltage - Live at the Apollo Theatre, Glasgow, Scotland - April 1978",If You Want Blood You've Got It (Live),1978,305360,4,0.55,0.919,9,-4.572,1,0.0604,0.00028,0.602,0.935,0.564,136.117,33
"Let There Be Rock - Live at the Apollo Theatre, Glasgow, Scotland - April 1978",If You Want Blood You've Got It (Live),1978,513707,4,0.156,0.976,0,-4.87,1,0.219,0.000369,0.146,0.968,0.0865,191.62,38
"Problem Child - Live at the Apollo Theatre, Glasgow, Scotland - April 1978",If You Want Blood You've Got It (Live),1978,280933,4,0.391,0.955,7,-3.87,1,0.0892,0.000113,0.25,0.983,0.55,138.966,34
"Riff Raff - Live at the Apollo Theatre, Glasgow, Scotland - April 1978",If You Want Blood You've Got It (Live),1978,359080,4,0.195,0.973,2,-4.4,1,0.106,0.0000232,0.727,0.971,0.14,181.854,37
"Rock 'N' Roll Damnation - Live at the Apollo Theatre, Glasgow, Scotland - April 1978",If You Want Blood You've Got It (Live),1978,221053,4,0.512,0.976,2,-2.948,1,0.0695,0.000999,0.786,0.803,0.147,132.848,35
"Rocker - Live at the Apollo Theatre, Glasgow, Scotland - April 1978",If You Want Blood You've Got It (Live),1978,204907,4,0.17,0.995,2,-3.648,1,0.152,0.000104,0.458,0.954,0.159,185.503,34
"The Jack - Live at the Apollo Theatre, Glasgow, Scotland - April 1978",If You Want Blood You've Got It (Live),1978,348573,4,0.283,0.745,9,-5.658,1,0.0782,0.000713,0.0883,0.983,0.438,69.417,36
"Whole Lotta Rosie - Live at the Apollo Theatre, Glasgow, Scotland - April 1978",If You Want Blood You've Got It (Live),1978,245000,4,0.257,0.958,2,-2.946,1,0.157,0.000945,0.439,0.762,0.401,165.352,38
Down Payment Blues,Powerage,1978,363733,4,0.491,0.685,4,-5.07,1,0.0369,0.0209,0.0958,0.312,0.193,129.271,42
Gimme a Bullet,Powerage,1978,201680,4,0.605,0.924,1,-4.217,1,0.0338,0.0058,0.615,0.0542,0.919,125.737,44
Gone Shootin',Powerage,1978,305587,4,0.696,0.593,11,-5.442,1,0.0349,0.00306,0.762,0.115,0.385,121.475,48
Kicked in the Teeth,Powerage,1978,243400,4,0.266,0.817,9,-4.711,1,0.0779,0.000781,0.0795,0.0759,0.311,160.779,40
Riff Raff,Powerage,1978,311880,4,0.179,0.978,9,-3.787,1,0.0945,0.00032,0.85,0.264,0.251,185.188,51
Rock 'N' Roll Damnation,Powerage,1978,217640,4,0.524,0.995,9,-2.676,1,0.106,0.0327,0.147,0.0819,0.323,133.596,53
Sin City,Powerage,1978,285040,4,0.543,0.757,9,-4.986,1,0.0497,0.00197,0.626,0.103,0.22,127.648,57
Up to My Neck in You,Powerage,1978,253427,4,0.422,0.938,9,-3.932,1,0.0434,0.00022,0.88,0.0548,0.498,138.437,41
What's Next to the Moon,Powerage,1978,211813,4,0.513,0.825,9,-5.019,1,0.0556,0.00115,0.00591,0.187,0.894,140.949,43
Beating Around the Bush,Highway to Hell,1979,235707,4,0.476,0.889,1,-5.733,0,0.1,0.00102,0.102,0.17,0.493,115.754,48
Get It Hot,Highway to Hell,1979,154507,4,0.648,0.831,3,-4.635,1,0.0329,0.000514,0.564,0.0951,0.834,129.855,47
Girls Got Rhythm,Highway to Hell,1979,203293,4,0.512,0.979,4,-4.267,0,0.156,0.0513,0.00102,0.358,0.535,137.794,65
Highway to Hell,Highway to Hell,1979,208400,4,0.574,0.913,6,-4.793,0,0.133,0.061,0.00158,0.156,0.423,115.728,86
If You Want Blood (You've Got It),Highway to Hell,1979,274227,4,0.487,0.932,2,-4.001,1,0.117,0.0311,0.149,0.43,0.54,141.243,64
Love Hungry Man,Highway to Hell,1979,257173,4,0.511,0.838,1,-5.026,1,0.0516,0.0019,0.0653,0.24,0.551,120.181,46
Night Prowler,Highway to Hell,1979,387960,3,0.251,0.73,6,-5.002,1,0.0615,0.024,0.0137,0.181,0.482,197.304,48
Shot Down in Flames,Highway to Hell,1979,202867,4,0.531,0.864,7,-4.534,1,0.08,0.00164,0.132,0.884,0.665,130.722,60
Touch Too Much,Highway to Hell,1979,266267,4,0.524,0.906,7,-4.301,1,0.0963,0.037,0.0000364,0.309,0.605,123.1,63
Walk All Over You,Highway to Hell,1979,310000,4,0.233,0.87,9,-4.653,1,0.0643,0.00791,0.0198,0.251,0.409,162.003,56
Back In Black,Back In Black,1980,255493,4,0.31,0.7,9,-5.678,1,0.047,0.011,0.00965,0.0828,0.763,188.386,85
Givin the Dog a Bone,Back In Black,1980,211760,4,0.525,0.975,2,-4.372,1,0.0572,0.0704,0.0000222,0.231,0.736,132.686,54
Have a Drink on Me,Back In Black,1980,238467,4,0.421,0.889,2,-5.166,1,0.0545,0.00167,0.00838,0.654,0.424,122.424,62
Hells Bells,Back In Black,1980,312293,4,0.389,0.873,4,-4.768,0,0.0475,0.00532,0.0055,0.273,0.303,106.767,74
Let Me Put My Love Into You,Back In Black,1980,255267,4,0.4,0.902,9,-4.385,1,0.0523,0.115,0.000116,0.139,0.632,105.659,53
Rock and Roll Ain't Noise Pollution,Back In Black,1980,266040,4,0.576,0.659,9,-5.617,1,0.0383,0.041,0,0.0587,0.717,94.853,61
Shake a Leg,Back In Black,1980,245667,4,0.417,0.942,4,-4.225,1,0.0852,0.0234,0.00857,0.317,0.618,152.346,50
Shoot to Thrill,Back In Black,1980,317427,4,0.457,0.904,2,-5.303,1,0.0747,0.000239,0.0879,0.396,0.48,141.038,73
What Do You Do for Money Honey,Back In Black,1980,215533,4,0.532,0.858,9,-5.023,1,0.0599,0.00533,0.00000213,0.751,0.495,125.698,55
You Shook Me All Night Long,Back In Black,1980,210173,4,0.532,0.767,7,-5.509,1,0.0574,0.00287,0.000513,0.39,0.755,127.361,86
Breaking the Rules,For Those About to Rock (We Salute You),1981,263427,4,0.589,0.875,2,-5.067,1,0.0398,0.000434,0.372,0.0652,0.479,126.932,34
C.O.D.,For Those About to Rock (We Salute You),1981,199867,4,0.51,0.935,0,-4.699,1,0.0579,0.000827,0.528,0.133,0.669,118.458,38
Evil Walks,For Those About to Rock (We Salute You),1981,263667,4,0.478,0.886,9,-4.642,1,0.0354,0.0000143,0.6,0.0793,0.488,100.427,40
For Those About to Rock (We Salute You),For Those About to Rock (We Salute You),1981,344240,4,0.37,0.919,4,-5.721,1,0.102,0.000376,0.419,0.49,0.471,134.021,66
I Put the Finger on You,For Those About to Rock (We Salute You),1981,205707,4,0.483,0.98,9,-4.033,1,0.0632,0.000167,0.664,0.169,0.759,133.816,39
Inject the Venom,For Those About to Rock (We Salute You),1981,210893,5,0.272,0.907,4,-4.592,0,0.0707,0.00019,0.0393,0.186,0.564,177.225,39
Let's Get It Up,For Those About to Rock (We Salute You),1981,234027,4,0.514,0.904,9,-4.173,1,0.0634,0.000702,0.0334,0.0815,0.682,108.927,51
Night of the Long Knives,For Those About to Rock (We Salute You),1981,205760,4,0.383,0.953,2,-3.445,1,0.041,0.000019,0.564,0.154,0.39,98.846,35
Snowballed,For Those About to Rock (We Salute You),1981,203133,4,0.269,0.955,9,-4.838,1,0.0639,0.0000159,0.858,0.127,0.669,152.238,36
Spellbound,For Those About to Rock (We Salute You),1981,279427,4,0.33,0.805,2,-6.115,1,0.0333,0.0000289,0.844,0.102,0.359,95.338,36
Badlands,Flick of the Switch,1983,218560,4,0.502,0.891,7,-3.966,1,0.0312,0.000081,0.772,0.468,0.484,106.311,34
Bedlam in Belgium,Flick of the Switch,1983,232227,4,0.48,0.809,7,-4.213,1,0.0466,0.000786,0.142,0.127,0.679,127.728,34
Brain Shake,Flick of the Switch,1983,249200,4,0.274,0.961,9,-3.988,1,0.0751,0.0000246,0.111,0.0843,0.574,166.176,30
Deep in the Hole,Flick of the Switch,1983,199507,4,0.297,0.784,9,-4.559,1,0.038,0.00104,0.0947,0.457,0.767,175.253,32
Flick of the Switch,Flick of the Switch,1983,193600,4,0.442,0.906,2,-4.429,1,0.0391,0.0000332,0.144,0.088,0.705,129.483,42
Guns for Hire,Flick of the Switch,1983,204720,4,0.49,0.902,9,-3.759,1,0.0493,0.00331,0.354,0.0695,0.825,128.427,43
Landslide,Flick of the Switch,1983,237760,4,0.486,0.967,2,-4.162,1,0.0609,0.0000348,0.772,0.317,0.511,118.998,33
Nervous Shakedown,Flick of the Switch,1983,267080,4,0.412,0.793,9,-4.592,1,0.0336,0.000228,0.251,0.0871,0.816,83.346,39
Rising Power,Flick of the Switch,1983,223787,4,0.33,0.871,9,-4.255,1,0.0419,0.00506,0.00767,0.186,0.794,186.316,38
This House Is on Fire,Flick of the Switch,1983,203493,4,0.368,0.95,0,-3.394,1,0.0491,0.00145,0.0261,0.469,0.322,114.153,34
"Baby, Please Don't Go",74 Jailbreak,1984,300013,4,0.582,0.851,0,-5.637,1,0.0784,0.00014,0.338,0.23,0.663,120.707,41
Jailbreak,74 Jailbreak,1984,280960,4,0.572,0.835,9,-5.552,1,0.079,0.00953,0.0144,0.012,0.591,131.567,59
Show Business,74 Jailbreak,1984,286453,4,0.494,0.837,9,-4.81,1,0.0414,0.00219,0.202,0.157,0.768,137.006,36
Soul Stripper,74 Jailbreak,1984,385013,4,0.616,0.833,4,-5.358,1,0.0747,0.00052,0.0904,0.172,0.73,130.9,39
You Ain't Got a Hold on Me,74 Jailbreak,1984,211480,4,0.701,0.469,9,-6.982,0,0.0362,0.0067,0.0497,0.102,0.605,127.408,36
Back in Business,Fly On the Wall,1985,264373,4,0.536,0.972,5,-3.983,1,0.0416,0.0129,0.875,0.1,0.482,107.991,38
Danger,Fly On the Wall,1985,262480,4,0.583,0.84,2,-4.199,1,0.0385,0.207,0.369,0.088,0.565,79.351,36
First Blood,Fly On the Wall,1985,226040,4,0.461,0.948,7,-4.183,0,0.0675,0.0209,0.144,0.195,0.297,116.897,35
Fly on the Wall,Fly On the Wall,1985,224253,4,0.322,0.92,2,-4.441,1,0.0574,0.00118,0.47,0.289,0.347,127.008,40
Hell or High Water,Fly On the Wall,1985,272347,4,0.405,0.965,9,-5.096,1,0.0734,0.00208,0.225,0.164,0.474,116.395,32
Playing with Girls,Fly On the Wall,1985,224947,4,0.429,0.962,9,-4.051,1,0.0581,0.000535,0.0223,0.0983,0.312,99.545,33
Send for the Man,Fly On the Wall,1985,216880,4,0.484,0.942,7,-5.452,0,0.0555,0.0109,0.889,0.357,0.594,105.997,31
Shake Your Foundations,Fly On the Wall,1985,250587,4,0.491,0.932,7,-4.379,1,0.0631,0.00765,0.519,0.0562,0.459,122.226,42
Sink the Pink,Fly On the Wall,1985,255147,4,0.474,0.932,0,-5.31,1,0.0487,0.00149,0.467,0.439,0.531,123.787,41
Stand Up,Fly On the Wall,1985,233320,4,0.443,0.879,9,-4.405,0,0.0416,0.0121,0.816,0.331,0.416,91.447,32
Go Zone,Blow Up Your Video,1988,266440,4,0.499,0.763,2,-5.41,1,0.0359,0.00331,0.0111,0.226,0.38,100.493,31
Heatseeker,Blow Up Your Video,1988,230400,4,0.372,0.873,8,-5.049,1,0.0426,0.00225,0.137,0.0638,0.481,159.991,53
Kissin' Dynamite,Blow Up Your Video,1988,238427,4,0.469,0.843,11,-5.982,0,0.0409,0.00136,0.0334,0.0696,0.298,122.324,31
Meanstreak,Blow Up Your Video,1988,248427,4,0.603,0.819,5,-4.037,0,0.0401,0.213,0.00281,0.371,0.572,97.957,32
Nick of Time,Blow Up Your Video,1988,256400,4,0.264,0.959,2,-4.521,1,0.174,0.0344,0.0106,0.146,0.233,171.98,31
Ruff Stuff,Blow Up Your Video,1988,268720,4,0.466,0.929,1,-4.889,1,0.0674,0.0298,0.00944,0.362,0.543,126.659,31
Some Sin for Nuthin',Blow Up Your Video,1988,251387,4,0.464,0.927,9,-5.138,1,0.0483,0.0191,0.237,0.263,0.544,106.715,29
That's the Way I Wanna Rock 'N' Roll,Blow Up Your Video,1988,225027,4,0.395,0.951,2,-5.469,1,0.107,0.0484,0.00334,0.315,0.514,157.614,46
This Means War,Blow Up Your Video,1988,272280,4,0.432,0.988,9,-4.442,1,0.1,0.0142,0.00786,0.0841,0.199,111.276,31
Two's Up,Blow Up Your Video,1988,319973,4,0.455,0.938,0,-5.104,0,0.0609,0.00201,0.028,0.0496,0.383,122.586,34
Are You Ready,The Razors Edge,1990,250333,4,0.452,0.821,7,-4.816,1,0.0324,0.0165,0.00000353,0.13,0.414,108.529,59
Fire Your Guns,The Razors Edge,1990,173747,4,0.551,0.96,9,-3.284,1,0.0508,0.00135,0.00000654,0.0941,0.515,98.879,56
Goodbye and Good Riddance to Bad Luck,The Razors Edge,1990,193560,4,0.417,0.741,2,-4.483,1,0.0699,0.0392,0.00000144,0.102,0.572,202.798,39
Got You by the Balls,The Razors Edge,1990,270240,4,0.622,0.757,9,-3.449,1,0.0246,0.00212,0.00000191,0.092,0.825,96.966,42
If You Dare,The Razors Edge,1990,198360,4,0.45,0.848,7,-3.374,1,0.037,0.00586,0.000358,0.0764,0.621,91.841,38
Let's Make It,The Razors Edge,1990,212320,4,0.637,0.76,2,-3.482,1,0.0304,0.0181,0.000216,0.0359,0.73,99.13,39
Mistress for Christmas,The Razors Edge,1990,239520,4,0.432,0.872,9,-4.125,1,0.036,0.00447,0.00038,0.0673,0.247,111.959,42
Moneytalks,The Razors Edge,1990,225947,4,0.649,0.903,7,-3.677,1,0.0318,0.000841,0.000351,0.122,0.412,121.841,67
Rock Your Heart Out,The Razors Edge,1990,246680,4,0.437,0.901,2,-4.473,1,0.0778,0.00026,0.000258,0.0836,0.693,163.323,42
Shot of Love,The Razors Edge,1990,236520,4,0.581,0.912,4,-3.802,1,0.0317,0.000181,0.00149,0.0898,0.636,135.47,42
The Razors Edge,The Razors Edge,1990,262533,4,0.408,0.947,4,-3.522,1,0.0532,0.00108,0.195,0.168,0.306,101.053,48
Thunderstruck,The Razors Edge,1990,292880,4,0.502,0.89,4,-5.175,1,0.0364,0.000147,0.0117,0.217,0.259,133.52,86
Back In Black - Live - 1991,Live,1992,266533,4,0.471,0.984,9,-4.211,1,0.0795,0.000585,0.000739,0.95,0.426,96.542,40
Dirty Deeds Done Dirt Cheap - Live - 1991,Live,1992,302093,4,0.465,0.977,9,-4.382,1,0.138,0.00144,0.106,0.954,0.434,140.433,45
For Those About to Rock (We Salute You) - Live - 1991,Live,1992,437640,4,0.333,0.978,9,-4.425,1,0.121,0.0000764,0.476,0.879,0.323,131.745,41
Heatseeker - Live - 1991,Live,1992,215933,4,0.407,0.987,2,-5.306,1,0.0745,0.000926,0.259,0.954,0.349,95.097,34
Hells Bells - Live - 1991,Live,1992,360360,4,0.317,0.931,2,-5.794,1,0.0576,0.0000626,0.653,0.878,0.248,113.007,36
Highway to Hell - Live - 1991,Live,1992,237200,4,0.491,0.982,2,-5.093,1,0.113,0.00552,0.0575,0.968,0.309,120.323,36
Moneytalks - Live - 1991,Live,1992,258267,4,0.476,0.954,7,-4.337,1,0.0585,0.000422,0.883,0.958,0.485,122.274,34
Shoot to Thrill - Live - 1991,Live,1992,320467,4,0.296,0.975,2,-4.855,1,0.0662,0.0000159,0.867,0.862,0.561,147.293,34
T.N.T. - Live - 1991,Live,1992,227707,4,0.455,0.979,2,-4.727,1,0.132,0.00222,0.00236,0.419,0.49,128.301,34
The Jack - Live - 1991,Live,1992,416627,4,0.286,0.808,9,-6.182,1,0.0682,0.000359,0.0324,0.944,0.394,74.443,29
Thunderstruck - Live - 1991,Live,1992,395227,4,0.255,0.973,4,-5.579,1,0.257,0.000774,0.0388,0.728,0.0671,135.116,41
Who Made Who - Live - 1991,Live,1992,315000,4,0.451,0.97,0,-5.346,1,0.151,0.000862,0.402,0.977,0.222,129.97,33
Whole Lotta Rosie - Live - 1991,Live,1992,269973,4,0.35,0.984,7,-5.412,1,0.139,0.0000401,0.311,0.971,0.263,98.673,40
You Shook Me All Night Long - Live - 1991,Live,1992,232600,4,0.462,0.981,7,-4.334,1,0.0982,0.00139,0.0128,0.929,0.671,138.041,34
Are You Ready - Live - 1991,Live (Collector's Edition),1993,272867,4,0.467,0.951,7,-4.228,1,0.0694,0.00323,0.184,0.899,0.372,110.46,32
Back In Black - Live - 1991,Live (Collector's Edition),1993,267373,4,0.46,0.984,9,-4.239,1,0.0657,0.000513,0.000697,0.937,0.447,96.468,38
Bonny - Live - 1991,Live (Collector's Edition),1993,63360,3,0.112,0.855,5,-9.051,1,0.0949,0.305,0.962,0.712,0.234,152.405,29
Dirty Deeds Done Dirt Cheap - Live - 1991,Live (Collector's Edition),1993,302693,4,0.484,0.982,9,-4.392,1,0.134,0.00115,0.183,0.949,0.456,140.354,33
Fire Your Guns - Live - 1991,Live (Collector's Edition),1993,218867,4,0.411,0.982,4,-6.086,0,0.0867,0.00054,0.0106,0.889,0.217,104.951,35
Heatseeker - Live - 1991,Live (Collector's Edition),1993,216333,4,0.414,0.984,2,-5.259,1,0.0745,0.000732,0.356,0.938,0.337,95.082,35
Hells Bells - Live - 1991,Live (Collector's Edition),1993,360867,4,0.317,0.929,2,-5.815,1,0.0581,0.0000675,0.552,0.477,0.239,113.073,34
High Voltage - Live - 1991,Live (Collector's Edition),1993,632133,4,0.508,0.944,2,-5.319,1,0.0455,0.000055,0.777,0.952,0.748,141.243,35
Jailbreak - Live - 1991,Live (Collector's Edition),1993,881800,4,0.327,0.847,9,-6.69,1,0.109,0.00667,0.254,0.934,0.31,131.099,37
Let There Be Rock - Live - 1991,Live (Collector's Edition),1993,736133,4,0.272,0.965,2,-5.288,1,0.185,0.000581,0.519,0.952,0.106,110.768,34
Moneytalks - Live - 1991,Live (Collector's Edition),1993,269840,4,0.468,0.956,7,-4.379,1,0.061,0.000348,0.843,0.968,0.525,122.331,34
Shoot to Thrill - Live - 1991,Live (Collector's Edition),1993,320933,4,0.304,0.974,2,-4.874,1,0.0681,0.0000171,0.778,0.892,0.556,145.91,38
Sin City - Live - 1991,Live (Collector's Edition),1993,340667,4,0.351,0.924,9,-6.247,1,0.0859,0.000562,0.511,0.709,0.381,132.942,35
That's the Way I Wanna Rock 'N' Roll - Live - 1991,Live (Collector's Edition),1993,236027,4,0.398,0.982,2,-5.888,1,0.11,0.000393,0.0183,0.939,0.383,94.455,32
The Jack - Live - 1991,Live (Collector's Edition),1993,416667,4,0.285,0.814,11,-6.19,0,0.0698,0.000277,0.0336,0.959,0.383,74.208,33
The Razors Edge - Live - 1991,Live (Collector's Edition),1993,274467,4,0.263,0.937,9,-5.821,1,0.0811,0.0000372,0.643,0.952,0.353,108.725,32
Thunderstruck - Live - 1991,Live (Collector's Edition),1993,395227,4,0.252,0.975,4,-5.548,1,0.271,0.00088,0.0658,0.747,0.0709,134.818,40
Who Made Who - Live - 1991,Live (Collector's Edition),1993,315067,4,0.455,0.969,0,-5.368,1,0.152,0.000794,0.368,0.974,0.225,129.979,35
Whole Lotta Rosie - Live - 1991,Live (Collector's Edition),1993,270200,4,0.257,0.983,2,-5.447,1,0.118,0.0000421,0.367,0.972,0.317,98.918,33
You Shook Me All Night Long - Live - 1991,Live (Collector's Edition),1993,233133,4,0.46,0.981,7,-4.352,1,0.1,0.00129,0.00745,0.942,0.689,138.028,34
Ballbreaker,Ballbreaker,1995,270760,4,0.473,0.862,2,-5.781,1,0.063,0.000728,0.00825,0.121,0.41,127.233,45
Boogie Man,Ballbreaker,1995,246973,3,0.485,0.603,9,-6.608,1,0.0594,0.0068,0.0349,0.227,0.468,111.756,39
Burnin' Alive,Ballbreaker,1995,305507,4,0.632,0.688,1,-6.149,0,0.0311,0.00404,0.0867,0.0894,0.615,113.187,38
Caught with Your Pants Down,Ballbreaker,1995,254533,4,0.504,0.731,4,-7.345,1,0.0417,0.00782,0.00287,0.321,0.782,143.354,33
Cover You in Oil,Ballbreaker,1995,272640,4,0.387,0.74,7,-5.822,1,0.0476,0.00862,0.000113,0.345,0.816,197.839,39
Hail Caesar,Ballbreaker,1995,314427,4,0.475,0.639,9,-7.921,1,0.0421,0.0026,0.0163,0.15,0.656,125.167,40
Hard as a Rock,Ballbreaker,1995,271000,4,0.481,0.724,4,-5.642,1,0.0324,0.0018,0.177,0.11,0.2,116.322,57
Love Bomb,Ballbreaker,1995,194133,4,0.559,0.709,9,-5.872,1,0.0359,0.0103,0.498,0.122,0.764,118.419,33
The Furor,Ballbreaker,1995,250693,4,0.491,0.714,7,-5.515,1,0.0266,0.000138,0.529,0.2,0.26,97.861,38
The Honey Roll,Ballbreaker,1995,335027,4,0.301,0.675,9,-6.781,1,0.034,0.00185,0.0165,0.113,0.526,180.773,35
Whiskey on the Rocks,Ballbreaker,1995,275133,4,0.432,0.613,9,-5.679,1,0.0315,0.00151,0.00293,0.0725,0.713,94.119,36
All Screwed Up,Stiff Upper Lip,2000,276400,4,0.569,0.591,9,-3.962,1,0.037,0.0222,0.00123,0.0771,0.577,102.685,34
Can't Stand Still,Stiff Upper Lip,2000,221400,4,0.602,0.835,11,-4.407,1,0.0258,0.0165,0.00246,0.66,0.727,110.116,39
Can't Stop Rock 'n' Roll,Stiff Upper Lip,2000,242000,4,0.447,0.638,2,-4.724,1,0.0274,0.0741,0.0169,0.0984,0.539,84.98,37
Come and Get It,Stiff Upper Lip,2000,242600,4,0.51,0.586,9,-5.226,1,0.0294,0.0304,0.016,0.144,0.614,89.778,37
Damned,Stiff Upper Lip,2000,232133,4,0.516,0.443,4,-4.98,0,0.0382,0.137,0.00214,0.0549,0.541,88.798,34
Give It Up,Stiff Upper Lip,2000,235693,4,0.547,0.722,7,-3.859,1,0.0317,0.0069,0.000113,0.064,0.92,129.616,36
Hold Me Back,Stiff Upper Lip,2000,239133,4,0.731,0.659,0,-5.259,1,0.0391,0.0449,0.212,0.107,0.931,115.845,37
House of Jazz,Stiff Upper Lip,2000,236427,4,0.615,0.567,9,-4.976,1,0.0321,0.0178,0.0814,0.227,0.632,85.762,36
Meltdown,Stiff Upper Lip,2000,221067,4,0.615,0.702,9,-3.825,1,0.0463,0.0631,0.00000486,0.0805,0.599,111.865,37
Safe in New York City,Stiff Upper Lip,2000,239467,4,0.494,0.881,9,-4.773,1,0.037,0.0111,0.00953,0.104,0.623,160.942,46
Satellite Blues,Stiff Upper Lip,2000,226333,4,0.541,0.696,2,-3.988,1,0.0638,0.0329,0.00315,0.0593,0.786,118.901,39
Stiff Upper Lip,Stiff Upper Lip,2000,214560,4,0.588,0.851,7,-4.206,1,0.033,0.0344,0.00773,0.16,0.706,123.691,63
Anything Goes,Black Ice,2008,202160,4,0.605,0.9,2,-2.717,1,0.0291,0.000522,0.0271,0.0466,0.467,120.895,45
Big Jack,Black Ice,2008,237067,4,0.535,0.891,11,-2.754,0,0.0417,0.000159,0.0054,0.0992,0.436,125.796,44
Black Ice,Black Ice,2008,205107,4,0.501,0.889,4,-3.89,0,0.0296,0.000323,0.00164,0.186,0.442,94.37,55
Decibel,Black Ice,2008,213880,4,0.618,0.722,9,-3.438,0,0.0277,0.00153,0.00361,0.137,0.849,96.436,37
Money Made,Black Ice,2008,255453,4,0.58,0.709,0,-3.593,1,0.0277,0.000432,0.00277,0.107,0.677,85.538,37
Rock N Roll Dream,Black Ice,2008,280907,4,0.492,0.661,10,-5.497,1,0.0249,0.00344,0.000585,0.241,0.389,106.634,37
Rock N Roll Train,Black Ice,2008,261507,4,0.547,0.931,2,-2.356,1,0.0615,0.000998,0.0118,0.278,0.697,118.4,70
Rocking All the Way,Black Ice,2008,202493,4,0.556,0.849,0,-4.044,1,0.0306,0.000364,0.000274,0.126,0.451,124.99,36
She Likes Rock N Roll,Black Ice,2008,232947,4,0.596,0.651,9,-3.822,1,0.0368,0.00157,0.00000443,0.0762,0.587,103.844,37
Skies on Fire,Black Ice,2008,214173,4,0.554,0.657,2,-3.197,1,0.0283,0.000411,0.00757,0.182,0.583,93.899,41
Smash N Grab,Black Ice,2008,246413,4,0.5,0.82,2,-3.517,1,0.0279,0.0000654,0.0124,0.152,0.307,98.705,37
Spoilin' for a Fight,Black Ice,2008,197080,4,0.578,0.823,9,-3.163,1,0.0325,0.0000559,0.00254,0.0721,0.387,123.429,44
Stormy May Day,Black Ice,2008,190213,4,0.525,0.789,0,-4.05,1,0.0269,0.00026,0.000207,0.101,0.222,95.319,39
War Machine,Black Ice,2008,189787,4,0.518,0.718,9,-4.355,1,0.0343,0.0000485,0.244,0.25,0.531,127.593,59
Wheels,Black Ice,2008,208493,4,0.494,0.843,9,-3.079,1,0.0338,0.0000983,0.000275,0.255,0.689,132.385,37
"Back In Black - Live at River Plate Stadium, Buenos Aires, Argentina - December 2009",Live at River Plate,2011,255053,4,0.324,0.95,8,-4.553,1,0.0774,0.000593,0.00000128,0.987,0.511,92.703,47
"Big Jack - Live at River Plate Stadium, Buenos Aires, Argentina - December 2009",Live at River Plate,2011,247960,4,0.474,0.974,10,-4.566,0,0.0635,0.000912,0,0.989,0.421,130.935,42
"Black Ice - Live at River Plate Stadium, Buenos Aires, Argentina - December 2009",Live at River Plate,2011,224067,4,0.319,0.958,1,-5.557,1,0.0513,0.000141,0.000457,0.994,0.528,92.956,40
"Dirty Deeds Done Dirt Cheap - Live at River Plate Stadium, Buenos Aires, Argentina - December 2009",Live at River Plate,2011,298827,4,0.277,0.934,8,-4.788,1,0.118,0.000979,0.0000192,0.972,0.416,140.06,45
"Dog Eat Dog - Live at River Plate Stadium, Buenos Aires, Argentina - December 2009",Live at River Plate,2011,309880,4,0.423,0.921,8,-6.108,1,0.117,0.00128,0.0135,0.921,0.183,138.441,38
"For Those About to Rock (We Salute You) - Live at River Plate Stadium, Buenos Aires, Argentina - December 2009",Live at River Plate,2011,465427,4,0.225,0.953,3,-5.026,1,0.109,0.000331,0.00000696,0.984,0.395,126.714,40
"Hell Ain't a Bad Place to Be - Live at River Plate Stadium, Buenos Aires, Argentina - December 2009",Live at River Plate,2011,267600,4,0.361,0.954,1,-4.608,1,0.0772,0.000918,0,0.977,0.375,129.602,44
"Hells Bells - Live at River Plate Stadium, Buenos Aires, Argentina - December 2009",Live at River Plate,2011,337800,4,0.297,0.923,1,-5.054,1,0.0577,0.000227,0.00000771,0.954,0.247,117.026,45
"Highway to Hell - Live at River Plate Stadium, Buenos Aires, Argentina - December 2009",Live at River Plate,2011,284253,4,0.3,0.973,1,-5.142,1,0.116,0.0167,0,0.959,0.227,124.496,48
"Let There Be Rock - Live at River Plate Stadium, Buenos Aires, Argentina - December 2009",Live at River Plate,2011,1086853,4,0.249,0.99,1,-5.06,1,0.178,0.00166,0.42,0.556,0.0621,111.927,41
"Rock N Roll Train - Live at River Plate Stadium, Buenos Aires, Argentina - December 2009",Live at River Plate,2011,281280,4,0.461,0.965,1,-5.087,1,0.067,0.000379,0.0000217,0.931,0.432,125.742,47
"Shoot to Thrill - Live at River Plate Stadium, Buenos Aires, Argentina - December 2009",Live at River Plate,2011,355987,4,0.309,0.973,1,-5.045,1,0.124,0.000698,0.00000764,0.991,0.222,139.89,43
"Shot Down in Flames - Live at River Plate Stadium, Buenos Aires, Argentina - December 2009",Live at River Plate,2011,227400,4,0.378,0.965,1,-4.126,1,0.0818,0.0000826,0.00000309,0.968,0.414,135.138,42
"T.N.T. - Live at River Plate Stadium, Buenos Aires, Argentina - December 2009",Live at River Plate,2011,237333,4,0.322,0.97,8,-4.654,1,0.166,0.000956,0.0000597,0.977,0.284,130.349,45
"The Jack - Live at River Plate Stadium, Buenos Aires, Argentina - December 2009",Live at River Plate,2011,612480,4,0.34,0.937,8,-6.017,1,0.116,0.00644,0.00148,0.965,0.263,73.837,41
"Thunderstruck - Live at River Plate Stadium, Buenos Aires, Argentina - December 2009",Live at River Plate,2011,332493,4,0.315,0.982,3,-4.872,1,0.109,0.000842,0.0000348,0.982,0.327,130.095,51
"War Machine - Live at River Plate Stadium, Buenos Aires, Argentina - December 2009",Live at River Plate,2011,219200,4,0.527,0.951,8,-5.805,1,0.085,0.000505,0.00000418,0.963,0.562,130.996,39
"Whole Lotta Rosie - Live at River Plate Stadium, Buenos Aires, Argentina - December 2009",Live at River Plate,2011,357587,4,0.179,0.968,1,-4.46,1,0.0948,0.0000613,0.0000327,0.948,0.256,150.944,43
"You Shook Me All Night Long - Live at River Plate Stadium, Buenos Aires, Argentina - December 2009",Live at River Plate,2011,241653,4,0.404,0.966,6,-4.83,1,0.0863,0.00172,0,0.752,0.622,129.914,48
Baptism By Fire,Rock or Bust,2014,210200,4,0.457,0.93,9,-4.203,1,0.0588,0.00000467,0.197,0.174,0.674,150.188,42
Dogs of War,Rock or Bust,2014,215440,4,0.502,0.816,9,-4.562,1,0.0329,0.0000471,0.0217,0.302,0.475,99.372,42
Emission Control,Rock or Bust,2014,221360,4,0.409,0.858,5,-4.644,1,0.0393,0.000104,0.135,0.212,0.628,168.955,39
Got Some Rock & Roll Thunder,Rock or Bust,2014,202587,4,0.626,0.833,2,-4.352,1,0.0285,0.000157,0.000717,0.0608,0.863,107.572,39
Hard Times,Rock or Bust,2014,164227,4,0.57,0.758,9,-4.362,1,0.036,0.0000564,0.0304,0.448,0.451,93.095,43
Miss Adventure,Rock or Bust,2014,177253,4,0.51,0.896,9,-3.585,1,0.0624,0.0000109,0.000771,0.0826,0.652,120.134,39
Play Ball,Rock or Bust,2014,167133,4,0.52,0.872,0,-4.354,1,0.0383,0.00000671,0.246,0.207,0.449,120.006,53
Rock or Bust,Rock or Bust,2014,183053,4,0.572,0.825,8,-3.977,1,0.04,0.0000713,0.000134,0.134,0.56,98.057,62
Rock the Blues Away,Rock or Bust,2014,204373,4,0.537,0.88,5,-4.902,1,0.0353,0.000131,0.00531,0.135,0.37,120.976,51
Rock the House,Rock or Bust,2014,162840,4,0.448,0.94,11,-3.52,1,0.0516,0.0000494,0.0000313,0.0975,0.593,91.212,41
Sweet Candy,Rock or Bust,2014,189720,4,0.449,0.847,11,-4.31,1,0.0463,0.00000625,0.032,0.133,0.654,192.149,39
Code Red,POWER UP,2020,211147,4,0.549,0.731,2,-5.617,1,0.035,0.000123,0.0000128,0.0655,0.622,86.239,45
Demon Fire,POWER UP,2020,210360,4,0.521,0.881,9,-5.309,1,0.0387,0.00000493,0.0114,0.141,0.564,160.026,59
Kick You When You're Down,POWER UP,2020,190333,4,0.675,0.93,0,-4.515,1,0.0319,0.0000832,0.000454,0.315,0.778,110.013,53
Money Shot,POWER UP,2020,185320,4,0.628,0.83,7,-4.752,1,0.0626,0.00038,0.0000253,0.0982,0.767,120.004,43
No Man's Land,POWER UP,2020,219640,4,0.49,0.905,0,-4.488,1,0.03,0.000459,0.00934,0.202,0.537,94.988,43
Realize,POWER UP,2020,217467,4,0.455,0.79,7,-4.049,1,0.0432,0.00000378,0.00021,0.0866,0.22,125.964,53
Rejection,POWER UP,2020,246467,4,0.526,0.871,7,-4.132,1,0.032,0.0000174,0.000142,0.0573,0.745,109.82,47
Shot In The Dark,POWER UP,2020,185133,4,0.599,0.787,2,-4.708,1,0.0338,0.0000207,0.0000527,0.064,0.822,114.065,63
Systems Down,POWER UP,2020,192640,4,0.649,0.849,9,-4.502,1,0.0326,0.000019,0.0852,0.0949,0.864,116.009,43
Through The Mists Of Time,POWER UP,2020,212227,4,0.57,0.753,9,-5.98,1,0.0365,0.00000162,0.627,0.133,0.477,119.99,52
Wild Reputation,POWER UP,2020,174400,4,0.737,0.709,0,-5.744,1,0.0337,0.00012,0.00294,0.199,0.839,108.016,46
Witch's Spell,POWER UP,2020,222253,4,0.616,0.801,9,-4.39,1,0.0342,0.000165,0.0000397,0.11,0.4,120.029,52
